{
    "$schema": "https://schema.management.azure.com/schemas/2015-01-01/deploymentParameters.json#",
    "contentVersion": "1.0.0.0",
    "parameters": {
        "name": {
            "value": "TechasitLuanthon"
        },
        "location": {
            "value": "eastus"
        },
        "sku": {
            "value": "S0"
        },
        "tagValues": {
            "value": {
                "Microsoft.CognitiveServices/accounts": {
                    "Techasit.info": "1000000"
                },
                "microsoft.resources/subscriptions/resourcegroups": {
                    "Techasit.info": "1000000"
                }
            }
        },
        "virtualNetworkType": {
            "value": "None"
        },
        "vnet": {
            "value": {}
        },
        "ipRules": {
            "value": []
        },
        "privateEndpoints": {
            "value": []
        },
        "privateDnsZone": {
            "value": "privatelink.openai.azure.com"
        },
        "resourceGroupName": {
            "value": "Techasit.info_BlackBerry.Inc"
        },
        "resourceGroupId": {
            "value": "/subscriptions/b2da2443-f053-40d6-8c2d-68a9b07df84a/resourceGroups/Techasit.info_BlackBerry.Inc"
        },
        "uniqueId": {
            "value": "0af21af4-94e3-49de-9cc2-6b14c0f49c73"
        }
    }
}